Subset,Other Set,Sampling,Technique,Classifier,Iteration,Precision,Recall,AUC,Accuracy
Train_Set,Dev_Set,Imbalanced,Imbalanced,Logistic Regression,1,0.794871795,0.344444444,0.663333333,0.875925926
Train_Set,Dev_Set,Imbalanced,Imbalanced,Decision Tree,1,0.765060241,0.373529412,0.67605042,0.883333333
Train_Set,Dev_Set,Imbalanced,Imbalanced,Naive Bayes,1,0.855967078,0.39245283,0.689768851,0.889814815
Train_Set,Dev_Set,Imbalanced,Imbalanced,XGBoost,1,0.872881356,0.376829268,0.681986063,0.871296296
Train_Set,Dev_Set,Imbalanced,Imbalanced,Random Forest,1,0.890909091,0.333009709,0.661699362,0.865
Train_Set,Dev_Set,Imbalanced,Imbalanced,Logistic Regression,2,0.865497076,0.359223301,0.673031448,0.867109122
Train_Set,Dev_Set,Imbalanced,Imbalanced,Decision Tree,2,0.852700491,0.371611983,0.678497237,0.871543855
Train_Set,Dev_Set,Imbalanced,Imbalanced,Naive Bayes,2,0.857335128,0.401133501,0.693050086,0.877647876
Train_Set,Dev_Set,Imbalanced,Imbalanced,XGBoost,2,0.851720047,0.402015677,0.693129356,0.877250746
Train_Set,Dev_Set,Imbalanced,Imbalanced,Random Forest,2,0.838574423,0.408997955,0.695791525,0.878692472
Train_Set,Dev_Set,Imbalanced,Imbalanced,Logistic Regression,3,0.658823529,0.622222222,0.778888889,0.883333333
Train_Set,Dev_Set,Imbalanced,Imbalanced,Decision Tree,3,0.589171975,0.544117647,0.736619263,0.868518519
Train_Set,Dev_Set,Imbalanced,Imbalanced,Naive Bayes,3,0.724880383,0.571698113,0.764631344,0.894444444
Train_Set,Dev_Set,Imbalanced,Imbalanced,XGBoost,3,0.747663551,0.585365854,0.76954007,0.883796296
Train_Set,Dev_Set,Imbalanced,Imbalanced,Random Forest,3,0.760445682,0.530097087,0.74536891,0.878518519
Train_Set,Dev_Set,Imbalanced,Imbalanced,Logistic Regression,4,0.752262443,0.53802589,0.748127955,0.878067603
Train_Set,Dev_Set,Imbalanced,Imbalanced,Decision Tree,4,0.687956204,0.537803138,0.741128303,0.869030295
Train_Set,Dev_Set,Imbalanced,Imbalanced,Naive Bayes,4,0.766197183,0.513853904,0.739269882,0.881815025
Train_Set,Dev_Set,Imbalanced,Imbalanced,XGBoost,4,0.715650257,0.545352744,0.748284591,0.876633398
Train_Set,Dev_Set,Imbalanced,Imbalanced,Random Forest,4,0.685333333,0.525562372,0.73609341,0.870358367
Train_Set,Dev_Set,Imbalanced,Imbalanced,Logistic Regression,5,1,0.116666667,0.558333333,0.852777778
Train_Set,Dev_Set,Imbalanced,Imbalanced,Decision Tree,5,0.93442623,0.167647059,0.582724628,0.86712963
Train_Set,Dev_Set,Imbalanced,Imbalanced,Naive Bayes,5,0.976744186,0.158490566,0.578876279,0.861728395
Train_Set,Dev_Set,Imbalanced,Imbalanced,XGBoost,5,0.989130435,0.11097561,0.555344948,0.831018519
Train_Set,Dev_Set,Imbalanced,Imbalanced,Random Forest,5,0.991735537,0.116504854,0.558138011,0.831296296
Train_Set,Dev_Set,Imbalanced,Imbalanced,Logistic Regression,6,0.950310559,0.123786408,0.561130282,0.831609816
Train_Set,Dev_Set,Imbalanced,Imbalanced,Decision Tree,6,0.932126697,0.146932953,0.572248351,0.839793623
Train_Set,Dev_Set,Imbalanced,Imbalanced,Naive Bayes,6,0.92578125,0.149244332,0.57327484,0.841416831
Train_Set,Dev_Set,Imbalanced,Imbalanced,XGBoost,6,0.939929329,0.14893617,0.573396612,0.841856158
Train_Set,Dev_Set,Imbalanced,Imbalanced,Random Forest,6,0.932926829,0.156441718,0.576976937,0.845170849
Train_Set,Dev_Set,Imbalanced,Imbalanced,Logistic Regression,7,0.5,0.789473684,0.848152991,0.894444444
Train_Set,Dev_Set,Imbalanced,Imbalanced,Decision Tree,7,0.473529412,0.728506787,0.81809558,0.889351852
Train_Set,Dev_Set,Imbalanced,Imbalanced,Naive Bayes,7,0.530188679,0.789325843,0.851493712,0.9
Train_Set,Dev_Set,Imbalanced,Imbalanced,XGBoost,7,0.530487805,0.868263473,0.883725871,0.895601852
Train_Set,Dev_Set,Imbalanced,Imbalanced,Random Forest,7,0.508737864,0.882154882,0.888434911,0.893333333
Train_Set,Dev_Set,Imbalanced,Imbalanced,Logistic Regression,8,0.474919094,0.882706767,0.88553983,0.887791326
Train_Set,Dev_Set,Imbalanced,Imbalanced,Decision Tree,8,0.479315264,0.918032787,0.905552207,0.895488821
Train_Set,Dev_Set,Imbalanced,Imbalanced,Naive Bayes,8,0.499370277,0.925320887,0.911581029,0.900567195
Train_Set,Dev_Set,Imbalanced,Imbalanced,XGBoost,8,0.520156775,0.934607646,0.918192075,0.905134273
Train_Set,Dev_Set,Imbalanced,Imbalanced,Random Forest,8,0.52402863,0.92176259,0.912827202,0.905732012
Train_Set,Dev_Set,Imbalanced,Imbalanced,Logistic Regression,9,0.411111111,0.860465116,0.698888889,0.890740741
Train_Set,Dev_Set,Imbalanced,Imbalanced,Decision Tree,9,0.402941176,0.86163522,0.695426632,0.895833333
Train_Set,Dev_Set,Imbalanced,Imbalanced,Naive Bayes,9,0.443396226,0.883458647,0.715978556,0.899382716
Train_Set,Dev_Set,Imbalanced,Imbalanced,XGBoost,9,0.432926829,0.919689119,0.712034843,0.885185185
Train_Set,Dev_Set,Imbalanced,Imbalanced,Random Forest,9,0.382524272,0.942583732,0.68851614,0.877777778
Train_Set,Dev_Set,Imbalanced,Imbalanced,Logistic Regression,10,0.395631068,0.902214022,0.692761176,0.876524155
Train_Set,Dev_Set,Imbalanced,Imbalanced,Decision Tree,10,0.418687589,0.876119403,0.702603499,0.881201217
Train_Set,Dev_Set,Imbalanced,Imbalanced,Naive Bayes,10,0.435768262,0.875949367,0.710934762,0.884940387
Train_Set,Dev_Set,Imbalanced,Imbalanced,XGBoost,10,0.4193729,0.88221437,0.703383664,0.883012656
Train_Set,Dev_Set,Imbalanced,Imbalanced,Random Forest,10,0.435582822,0.864097363,0.710214797,0.885359756
Train_Set,Dev_Set,Undersampling,TomekLinks,Logistic Regression,1,0.839175258,0.465142857,0.724151739,0.900853459
Train_Set,Dev_Set,Undersampling,TomekLinks,Decision Tree,1,0.86316776,0.510815308,0.747466829,0.906511459
Train_Set,Dev_Set,Undersampling,TomekLinks,Naive Bayes,1,0.837788578,0.525533537,0.753137513,0.908296943
Train_Set,Dev_Set,Undersampling,TomekLinks,XGBoost,1,0.860112603,0.559751973,0.771114526,0.91424412
Train_Set,Dev_Set,Undersampling,TomekLinks,Random Forest,1,0.86721144,0.581241442,0.782185371,0.919087967
Train_Set,Dev_Set,Undersampling,TomekLinks,Logistic Regression,2,0.877158774,0.599352874,0.791730777,0.922860173
Train_Set,Dev_Set,Undersampling,TomekLinks,Decision Tree,2,0.879285369,0.601784534,0.793190717,0.924441098
Train_Set,Dev_Set,Undersampling,TomekLinks,Naive Bayes,2,0.882059469,0.617836176,0.800902137,0.92446272
Train_Set,Dev_Set,Undersampling,TomekLinks,XGBoost,2,0.881630473,0.630634072,0.80733844,0.928000323
Train_Set,Dev_Set,Undersampling,TomekLinks,Random Forest,2,0.88417901,0.634513174,0.809301008,0.927921217
Train_Set,Dev_Set,Undersampling,TomekLinks,Logistic Regression,3,0.77602108,0.673142857,0.818220824,0.917196296
Train_Set,Dev_Set,Undersampling,TomekLinks,Decision Tree,3,0.782552919,0.676650028,0.819887072,0.916151328
Train_Set,Dev_Set,Undersampling,TomekLinks,Naive Bayes,3,0.761823605,0.681402439,0.820541093,0.915393013
Train_Set,Dev_Set,Undersampling,TomekLinks,XGBoost,3,0.784516916,0.725479143,0.84356201,0.923524862
Train_Set,Dev_Set,Undersampling,TomekLinks,Random Forest,3,0.816158684,0.769968051,0.868545906,0.935706753
Train_Set,Dev_Set,Undersampling,TomekLinks,Logistic Regression,4,0.838069924,0.780167491,0.87581399,0.941008938
Train_Set,Dev_Set,Undersampling,TomekLinks,Decision Tree,4,0.854581673,0.779742234,0.877502428,0.944538208
Train_Set,Dev_Set,Undersampling,TomekLinks,Naive Bayes,4,0.83494105,0.76223092,0.866494149,0.936866736
Train_Set,Dev_Set,Undersampling,TomekLinks,XGBoost,4,0.826145918,0.775655717,0.872446566,0.938539816
Train_Set,Dev_Set,Undersampling,TomekLinks,Random Forest,4,0.860479187,0.804138867,0.889589458,0.947580718
Train_Set,Dev_Set,Undersampling,TomekLinks,Logistic Regression,5,0.979452055,0.163428571,0.581390452,0.866533503
Train_Set,Dev_Set,Undersampling,TomekLinks,Decision Tree,5,0.971671388,0.190238491,0.594575354,0.866315024
Train_Set,Dev_Set,Undersampling,TomekLinks,Naive Bayes,5,0.967010309,0.178734756,0.588790344,0.868328481
Train_Set,Dev_Set,Undersampling,TomekLinks,XGBoost,5,0.979418886,0.228015784,0.613546762,0.874618989
Train_Set,Dev_Set,Undersampling,TomekLinks,Random Forest,5,0.972136223,0.214970333,0.606901181,0.873922688
Train_Set,Dev_Set,Undersampling,TomekLinks,Logistic Regression,6,0.971362229,0.238865626,0.61876617,0.877715498
Train_Set,Dev_Set,Undersampling,TomekLinks,Decision Tree,6,0.976306197,0.265532056,0.632165307,0.883571781
Train_Set,Dev_Set,Undersampling,TomekLinks,Naive Bayes,6,0.975346687,0.265445904,0.632071911,0.879526557
Train_Set,Dev_Set,Undersampling,TomekLinks,XGBoost,6,0.974156811,0.283167813,0.640876031,0.885135681
Train_Set,Dev_Set,Undersampling,TomekLinks,Random Forest,6,0.970375997,0.288929096,0.643620283,0.884332358
Train_Set,Dev_Set,Undersampling,TomekLinks,Logistic Regression,7,0.682285714,0.887072808,0.91478175,0.935718177
Train_Set,Dev_Set,Undersampling,TomekLinks,Decision Tree,7,0.709373267,0.93837124,0.941987447,0.944707166
Train_Set,Dev_Set,Undersampling,TomekLinks,Naive Bayes,7,0.720655488,0.930152484,0.939721693,0.946931101
Train_Set,Dev_Set,Undersampling,TomekLinks,XGBoost,7,0.728297632,0.95,0.949975339,0.949956781
Train_Set,Dev_Set,Undersampling,TomekLinks,Random Forest,7,0.743952533,0.955731457,0.954576124,0.953707408
Train_Set,Dev_Set,Undersampling,TomekLinks,Logistic Regression,8,0.751808146,0.962944905,0.958914241,0.955885472
Train_Set,Dev_Set,Undersampling,TomekLinks,Decision Tree,8,0.736285525,0.964293443,0.958601342,0.95427518
Train_Set,Dev_Set,Undersampling,TomekLinks,Naive Bayes,8,0.748112944,0.965193868,0.959177913,0.954677632
Train_Set,Dev_Set,Undersampling,TomekLinks,XGBoost,8,0.754265343,0.962156895,0.958828557,0.956327734
Train_Set,Dev_Set,Undersampling,TomekLinks,Random Forest,8,0.735157752,0.977006312,0.96430044,0.95466686
Train_Set,Dev_Set,Undersampling,TomekLinks,Logistic Regression,9,0.554285714,0.894833948,0.770990007,0.918830579
Train_Set,Dev_Set,Undersampling,TomekLinks,Decision Tree,9,0.589572934,0.894028595,0.787933427,0.921244089
Train_Set,Dev_Set,Undersampling,TomekLinks,Naive Bayes,9,0.578125,0.86784897,0.780731571,0.918850073
Train_Set,Dev_Set,Undersampling,TomekLinks,XGBoost,9,0.60259301,0.886033983,0.793837057,0.923342887
Train_Set,Dev_Set,Undersampling,TomekLinks,Random Forest,9,0.605203104,0.890829694,0.795572093,0.92527001
Train_Set,Dev_Set,Undersampling,TomekLinks,Logistic Regression,10,0.611914732,0.890828484,0.798858523,0.926283896
Train_Set,Dev_Set,Undersampling,TomekLinks,Decision Tree,10,0.625082617,0.889489772,0.805301852,0.928881157
Train_Set,Dev_Set,Undersampling,TomekLinks,Naive Bayes,10,0.61168577,0.891242363,0.798600047,0.924758054
Train_Set,Dev_Set,Undersampling,TomekLinks,XGBoost,10,0.634963076,0.887524471,0.809898873,0.929353093
Train_Set,Dev_Set,Undersampling,TomekLinks,Random Forest,10,0.629763655,0.894043988,0.807738043,0.928520813
Train_Set,Dev_Set,Undersampling,NearMiss,Logistic Regression,1,0.923654568,0.843428571,0.886817261,0.886792453
Train_Set,Dev_Set,Undersampling,NearMiss,Decision Tree,1,0.937731196,0.851147174,0.896864093,0.896503102
Train_Set,Dev_Set,Undersampling,NearMiss,Naive Bayes,1,0.929051217,0.8624318,0.899232554,0.899769585
Train_Set,Dev_Set,Undersampling,NearMiss,XGBoost,1,0.925404434,0.866479663,0.898424395,0.898473603
Train_Set,Dev_Set,Undersampling,NearMiss,Random Forest,1,0.92005814,0.871500688,0.897679278,0.897606995
Train_Set,Dev_Set,Undersampling,NearMiss,Logistic Regression,2,0.931342677,0.863953269,0.899395181,0.898989899
Train_Set,Dev_Set,Undersampling,NearMiss,Decision Tree,2,0.928732443,0.876308901,0.904608907,0.904641281
Train_Set,Dev_Set,Undersampling,NearMiss,Naive Bayes,2,0.930287748,0.882634393,0.908288384,0.90830462
Train_Set,Dev_Set,Undersampling,NearMiss,XGBoost,2,0.934872548,0.882797732,0.910477563,0.910400607
Train_Set,Dev_Set,Undersampling,NearMiss,Random Forest,2,0.929068651,0.88116107,0.90722086,0.907328686
Train_Set,Dev_Set,Undersampling,NearMiss,Logistic Regression,3,0.948967193,0.892571429,0.922258254,0.922241281
Train_Set,Dev_Set,Undersampling,NearMiss,Decision Tree,3,0.945054945,0.914381645,0.930186843,0.930062042
Train_Set,Dev_Set,Undersampling,NearMiss,Naive Bayes,3,0.925659472,0.902572097,0.916085443,0.916282642
Train_Set,Dev_Set,Undersampling,NearMiss,XGBoost,3,0.931811698,0.916129032,0.92464729,0.924660412
Train_Set,Dev_Set,Undersampling,NearMiss,Random Forest,3,0.923920653,0.90844424,0.916612522,0.916589968
Train_Set,Dev_Set,Undersampling,NearMiss,Logistic Regression,4,0.933047879,0.903335218,0.918507786,0.918334286
Train_Set,Dev_Set,Undersampling,NearMiss,Decision Tree,4,0.929174251,0.918684555,0.924409205,0.924415754
Train_Set,Dev_Set,Undersampling,NearMiss,Naive Bayes,4,0.930970416,0.916690121,0.924402685,0.924407566
Train_Set,Dev_Set,Undersampling,NearMiss,XGBoost,4,0.929779926,0.921109011,0.92557795,0.925565525
Train_Set,Dev_Set,Undersampling,NearMiss,Random Forest,4,0.928265152,0.911781446,0.920950556,0.920988494
Train_Set,Dev_Set,Undersampling,NearMiss,Logistic Regression,5,0.890191898,0.954285714,0.918218372,0.918238994
Train_Set,Dev_Set,Undersampling,NearMiss,Decision Tree,5,0.866599799,0.966983772,0.907880743,0.908347434
Train_Set,Dev_Set,Undersampling,NearMiss,Naive Bayes,5,0.536901165,0.969602494,0.578669529,0.57296467
Train_Set,Dev_Set,Undersampling,NearMiss,XGBoost,5,0.571121047,0.967461431,0.62159425,0.621061476
Train_Set,Dev_Set,Undersampling,NearMiss,Random Forest,5,0.820281911,0.961450207,0.87481832,0.875057524
Train_Set,Dev_Set,Undersampling,NearMiss,Logistic Regression,6,0.820417408,0.955530432,0.870766951,0.87173623
Train_Set,Dev_Set,Undersampling,NearMiss,Decision Tree,6,0.617792769,0.958933246,0.683514942,0.683199869
Train_Set,Dev_Set,Undersampling,NearMiss,Naive Bayes,6,0.62088515,0.955530538,0.686408979,0.686238661
Train_Set,Dev_Set,Undersampling,NearMiss,XGBoost,6,0.803853443,0.962192817,0.863050533,0.863326172
Train_Set,Dev_Set,Undersampling,NearMiss,Random Forest,6,0.644572305,0.95640296,0.716686465,0.71569461
Train_Set,Dev_Set,Undersampling,NearMiss,Logistic Regression,7,0.900571429,0.952841596,0.929240755,0.927958834
Train_Set,Dev_Set,Undersampling,NearMiss,Decision Tree,7,0.910464466,0.940462428,0.92617835,0.925831923
Train_Set,Dev_Set,Undersampling,NearMiss,Naive Bayes,7,0.911925175,0.926365796,0.921050161,0.920890937
Train_Set,Dev_Set,Undersampling,NearMiss,XGBoost,7,0.918092567,0.933276305,0.926462038,0.926340849
Train_Set,Dev_Set,Undersampling,NearMiss,Random Forest,7,0.909821019,0.927268475,0.919136955,0.919005983
Train_Set,Dev_Set,Undersampling,NearMiss,Logistic Regression,8,0.911249293,0.934673367,0.923069766,0.922908329
Train_Set,Dev_Set,Undersampling,NearMiss,Decision Tree,8,0.911485602,0.930360721,0.921900361,0.921719235
Train_Set,Dev_Set,Undersampling,NearMiss,Naive Bayes,8,0.911483254,0.93046976,0.921915321,0.921735462
Train_Set,Dev_Set,Undersampling,NearMiss,XGBoost,8,0.913799622,0.931286925,0.923106149,0.922974852
Train_Set,Dev_Set,Undersampling,NearMiss,Random Forest,8,0.905179283,0.931474757,0.919998305,0.919628181
Train_Set,Dev_Set,Undersampling,NearMiss,Logistic Regression,9,0.930285714,0.945412311,0.938254985,0.938250429
Train_Set,Dev_Set,Undersampling,NearMiss,Decision Tree,9,0.939003917,0.934298441,0.935960173,0.935984208
Train_Set,Dev_Set,Undersampling,NearMiss,Naive Bayes,9,0.94193297,0.924282983,0.933494872,0.933371736
Train_Set,Dev_Set,Undersampling,NearMiss,XGBoost,9,0.950070126,0.926168991,0.937283385,0.937263689
Train_Set,Dev_Set,Undersampling,NearMiss,Random Forest,9,0.95043598,0.91860723,0.93287835,0.932926829
Train_Set,Dev_Set,Undersampling,NearMiss,Logistic Regression,10,0.945355191,0.929762787,0.936143954,0.936249285
Train_Set,Dev_Set,Undersampling,NearMiss,Decision Tree,10,0.953534031,0.92566709,0.93856917,0.938552051
Train_Set,Dev_Set,Undersampling,NearMiss,Naive Bayes,10,0.952856741,0.925379254,0.938058729,0.938049364
Train_Set,Dev_Set,Undersampling,NearMiss,XGBoost,10,0.957151859,0.928824752,0.941698474,0.941741438
Train_Set,Dev_Set,Undersampling,NearMiss,Random Forest,10,0.94775185,0.926552415,0.936621466,0.936575412
Train_Set,Dev_Set,Oversampling,SMOTE,Logistic Regression,1,0.921343626,0.946218127,0.932848491,0.93282704
Train_Set,Dev_Set,Oversampling,SMOTE,Decision Tree,1,0.919725738,0.943512607,0.931320597,0.931210123
Train_Set,Dev_Set,Oversampling,SMOTE,Naive Bayes,1,0.921260936,0.94636234,0.932874068,0.932851497
Train_Set,Dev_Set,Oversampling,SMOTE,XGBoost,1,0.924367122,0.951018221,0.936460057,0.936486632
Train_Set,Dev_Set,Oversampling,SMOTE,Random Forest,1,0.928550512,0.953192768,0.940276051,0.940213675
Train_Set,Dev_Set,Oversampling,SMOTE,Logistic Regression,2,0.931892646,0.952170661,0.941213646,0.941225756
Train_Set,Dev_Set,Oversampling,SMOTE,Decision Tree,2,0.932286996,0.952999419,0.941895255,0.941894576
Train_Set,Dev_Set,Oversampling,SMOTE,Naive Bayes,2,0.932064437,0.954569763,0.942280711,0.942318782
Train_Set,Dev_Set,Oversampling,SMOTE,XGBoost,2,0.936102535,0.955112755,0.945151386,0.945121879
Train_Set,Dev_Set,Oversampling,SMOTE,Random Forest,2,0.939069307,0.954538647,0.946205092,0.946218127
Train_Set,Dev_Set,Oversampling,SMOTE,Logistic Regression,3,0.935264055,0.941075637,0.93807306,0.938068243
Train_Set,Dev_Set,Oversampling,SMOTE,Decision Tree,3,0.931405225,0.937452657,0.934826222,0.934802423
Train_Set,Dev_Set,Oversampling,SMOTE,Naive Bayes,3,0.925149912,0.935378031,0.929976639,0.929967601
Train_Set,Dev_Set,Oversampling,SMOTE,XGBoost,3,0.927689688,0.934351554,0.930627799,0.930634597
Train_Set,Dev_Set,Oversampling,SMOTE,Random Forest,3,0.932845349,0.94129772,0.937092955,0.93707265
Train_Set,Dev_Set,Oversampling,SMOTE,Logistic Regression,4,0.936314747,0.942483707,0.9391185,0.939122219
Train_Set,Dev_Set,Oversampling,SMOTE,Decision Tree,4,0.93690679,0.941172875,0.938900063,0.938899924
Train_Set,Dev_Set,Oversampling,SMOTE,Naive Bayes,4,0.932443173,0.941119846,0.936255298,0.936270368
Train_Set,Dev_Set,Oversampling,SMOTE,XGBoost,4,0.933782214,0.939887842,0.936815392,0.936806291
Train_Set,Dev_Set,Oversampling,SMOTE,Random Forest,4,0.93792735,0.939071091,0.938364011,0.938365117
Train_Set,Dev_Set,Oversampling,SMOTE,Logistic Regression,5,0.642726634,0.979858582,0.718464105,0.718044711
Train_Set,Dev_Set,Oversampling,SMOTE,Decision Tree,5,0.660099241,0.978898388,0.741946537,0.739799475
Train_Set,Dev_Set,Oversampling,SMOTE,Naive Bayes,5,0.660070637,0.973109843,0.736821503,0.736426105
Train_Set,Dev_Set,Oversampling,SMOTE,XGBoost,5,0.75431734,0.971436227,0.826940145,0.827203909
Train_Set,Dev_Set,Oversampling,SMOTE,Random Forest,5,0.665704949,0.97101387,0.744044765,0.742948718
Train_Set,Dev_Set,Oversampling,SMOTE,Logistic Regression,6,0.764285915,0.968374942,0.834528336,0.834676269
Train_Set,Dev_Set,Oversampling,SMOTE,Decision Tree,6,0.672710308,0.969440455,0.74892104,0.748907563
Train_Set,Dev_Set,Oversampling,SMOTE,Naive Bayes,6,0.759558716,0.968367292,0.829960814,0.830389593
Train_Set,Dev_Set,Oversampling,SMOTE,XGBoost,6,0.669082205,0.967259277,0.745846747,0.745190878
Train_Set,Dev_Set,Oversampling,SMOTE,Random Forest,6,0.759717255,0.963416982,0.828876764,0.829087208
Train_Set,Dev_Set,Oversampling,SMOTE,Logistic Regression,7,0.951360617,0.973257343,0.962918624,0.962669804
Train_Set,Dev_Set,Oversampling,SMOTE,Decision Tree,7,0.941240126,0.963340348,0.953453587,0.953139242
Train_Set,Dev_Set,Oversampling,SMOTE,Naive Bayes,7,0.941440799,0.967810529,0.955494994,0.955139388
Train_Set,Dev_Set,Oversampling,SMOTE,XGBoost,7,0.940139335,0.967729479,0.954660598,0.954311178
Train_Set,Dev_Set,Oversampling,SMOTE,Random Forest,7,0.938248808,0.970678395,0.955739758,0.95517094
Train_Set,Dev_Set,Oversampling,SMOTE,Logistic Regression,8,0.932761138,0.973136658,0.954219621,0.953454792
Train_Set,Dev_Set,Oversampling,SMOTE,Decision Tree,8,0.92671821,0.972422639,0.951219345,0.950221543
Train_Set,Dev_Set,Oversampling,SMOTE,Naive Bayes,8,0.921145516,0.970831924,0.947686631,0.946570107
Train_Set,Dev_Set,Oversampling,SMOTE,XGBoost,8,0.926810643,0.972408613,0.951446039,0.950403883
Train_Set,Dev_Set,Oversampling,SMOTE,Random Forest,8,0.920629827,0.970851664,0.947580274,0.946410971
Train_Set,Dev_Set,Oversampling,SMOTE,Logistic Regression,9,0.980072852,0.941539728,0.959707507,0.959674832
Train_Set,Dev_Set,Oversampling,SMOTE,Decision Tree,9,0.975435559,0.933126294,0.953392593,0.953192858
Train_Set,Dev_Set,Oversampling,SMOTE,Naive Bayes,9,0.97510699,0.933556405,0.952969006,0.952931961
Train_Set,Dev_Set,Oversampling,SMOTE,XGBoost,9,0.977116827,0.932014517,0.952790341,0.952834747
Train_Set,Dev_Set,Oversampling,SMOTE,Random Forest,9,0.978571735,0.936044362,0.956176524,0.956068376
Train_Set,Dev_Set,Oversampling,SMOTE,Logistic Regression,10,0.9778126,0.936936937,0.955926324,0.955950513
Train_Set,Dev_Set,Oversampling,SMOTE,Decision Tree,10,0.979097271,0.938294383,0.957358089,0.957356761
Train_Set,Dev_Set,Oversampling,SMOTE,Naive Bayes,10,0.978742179,0.936449459,0.955954349,0.956024945
Train_Set,Dev_Set,Oversampling,SMOTE,XGBoost,10,0.980121704,0.93808099,0.957904947,0.957839137
Train_Set,Dev_Set,Oversampling,SMOTE,Random Forest,10,0.978520848,0.940280405,0.958088889,0.958120849
Train_Set,Dev_Set,Oversampling,ROS,Logistic Regression,1,0.920276208,0.939342161,0.928852568,0.928869398
Train_Set,Dev_Set,Oversampling,ROS,Decision Tree,1,0.923767753,0.949447247,0.935619274,0.93560667
Train_Set,Dev_Set,Oversampling,ROS,Naive Bayes,1,0.921870683,0.950024916,0.93473468,0.934738491
Train_Set,Dev_Set,Oversampling,ROS,XGBoost,1,0.926632428,0.951156536,0.938068891,0.938043595
Train_Set,Dev_Set,Oversampling,ROS,Random Forest,1,0.926674413,0.954479398,0.939489742,0.939487179
Train_Set,Dev_Set,Oversampling,ROS,Logistic Regression,2,0.930715131,0.953012478,0.941028809,0.941029663
Train_Set,Dev_Set,Oversampling,ROS,Decision Tree,2,0.935528326,0.952943331,0.943547336,0.943559969
Train_Set,Dev_Set,Oversampling,ROS,Naive Bayes,2,0.934238327,0.950862857,0.942109693,0.942090793
Train_Set,Dev_Set,Oversampling,ROS,XGBoost,2,0.935969079,0.955888997,0.94521108,0.94521705
Train_Set,Dev_Set,Oversampling,ROS,Random Forest,2,0.93891308,0.958558636,0.947937349,0.947964431
Train_Set,Dev_Set,Oversampling,ROS,Logistic Regression,3,0.93596268,0.942759504,0.93902492,0.939030912
Train_Set,Dev_Set,Oversampling,ROS,Decision Tree,3,0.931553657,0.936352903,0.933839619,0.933837328
Train_Set,Dev_Set,Oversampling,ROS,Naive Bayes,3,0.934495659,0.942478821,0.938190978,0.938192046
Train_Set,Dev_Set,Oversampling,ROS,XGBoost,3,0.928765662,0.937009145,0.932709909,0.9327016
Train_Set,Dev_Set,Oversampling,ROS,Random Forest,3,0.930845225,0.942383313,0.936197639,0.936196581
Train_Set,Dev_Set,Oversampling,ROS,Logistic Regression,4,0.934323386,0.939786096,0.936858034,0.936858243
Train_Set,Dev_Set,Oversampling,ROS,Decision Tree,4,0.935454435,0.938508957,0.936789131,0.936791444
Train_Set,Dev_Set,Oversampling,ROS,Naive Bayes,4,0.933484768,0.938954895,0.936169094,0.936163079
Train_Set,Dev_Set,Oversampling,ROS,XGBoost,4,0.94109677,0.941454831,0.941231629,0.941231754
Train_Set,Dev_Set,Oversampling,ROS,Random Forest,4,0.937958837,0.944794717,0.940990944,0.941000643
Train_Set,Dev_Set,Oversampling,ROS,Logistic Regression,5,0.771674835,0.975224263,0.84287247,0.843084822
Train_Set,Dev_Set,Oversampling,ROS,Decision Tree,5,0.654578226,0.974455297,0.730585266,0.730362983
Train_Set,Dev_Set,Oversampling,ROS,Naive Bayes,5,0.757735097,0.974585321,0.831416592,0.831452273
Train_Set,Dev_Set,Oversampling,ROS,XGBoost,5,0.663467175,0.974179666,0.740974733,0.740523999
Train_Set,Dev_Set,Oversampling,ROS,Random Forest,5,0.668696138,0.971747307,0.745231028,0.745192308
Train_Set,Dev_Set,Oversampling,ROS,Logistic Regression,6,0.760819599,0.967664884,0.831707362,0.831717056
Train_Set,Dev_Set,Oversampling,ROS,Decision Tree,6,0.764143445,0.968232171,0.834288969,0.83446906
Train_Set,Dev_Set,Oversampling,ROS,Naive Bayes,6,0.671599455,0.967394226,0.748196752,0.747723463
Train_Set,Dev_Set,Oversampling,ROS,XGBoost,6,0.76046616,0.966708677,0.830935636,0.831011551
Train_Set,Dev_Set,Oversampling,ROS,Random Forest,6,0.759883633,0.965782556,0.829521855,0.829869295
Train_Set,Dev_Set,Oversampling,ROS,Logistic Regression,7,0.952584366,0.971465912,0.962403826,0.962241951
Train_Set,Dev_Set,Oversampling,ROS,Decision Tree,7,0.946549318,0.969120879,0.958489871,0.958232803
Train_Set,Dev_Set,Oversampling,ROS,Naive Bayes,7,0.937993878,0.968681076,0.954274953,0.953822053
Train_Set,Dev_Set,Oversampling,ROS,XGBoost,7,0.938569123,0.971438116,0.956119763,0.955572855
Train_Set,Dev_Set,Oversampling,ROS,Random Forest,7,0.933663874,0.971751412,0.953969123,0.953269231
Train_Set,Dev_Set,Oversampling,ROS,Logistic Regression,8,0.93254902,0.970684281,0.952887083,0.952189104
Train_Set,Dev_Set,Oversampling,ROS,Decision Tree,8,0.9228234,0.974572174,0.950549793,0.949304813
Train_Set,Dev_Set,Oversampling,ROS,Naive Bayes,8,0.924009462,0.972363657,0.950135109,0.948984108
Train_Set,Dev_Set,Oversampling,ROS,XGBoost,8,0.921551376,0.973718593,0.949590041,0.948310116
Train_Set,Dev_Set,Oversampling,ROS,Random Forest,8,0.923593152,0.969054133,0.947857391,0.946914506
Train_Set,Dev_Set,Oversampling,ROS,Logistic Regression,9,0.976719351,0.9386289,0.956326249,0.956358969
Train_Set,Dev_Set,Oversampling,ROS,Decision Tree,9,0.977889879,0.936671122,0.955947296,0.955927296
Train_Set,Dev_Set,Oversampling,ROS,Naive Bayes,9,0.977148146,0.936992286,0.955703702,0.955709047
Train_Set,Dev_Set,Oversampling,ROS,XGBoost,9,0.978752017,0.936583106,0.956367757,0.956324493
Train_Set,Dev_Set,Oversampling,ROS,Random Forest,9,0.979141734,0.93666435,0.956478233,0.956474359
Train_Set,Dev_Set,Oversampling,ROS,Logistic Regression,10,0.977468806,0.93659903,0.955645905,0.955647461
Train_Set,Dev_Set,Oversampling,ROS,Decision Tree,10,0.978516281,0.940046907,0.957970848,0.957998472
Train_Set,Dev_Set,Oversampling,ROS,Naive Bayes,10,0.979866674,0.936132512,0.956651748,0.956601623
Train_Set,Dev_Set,Oversampling,ROS,XGBoost,10,0.980167883,0.939785682,0.958647956,0.958659989
Train_Set,Dev_Set,Oversampling,ROS,Random Forest,10,0.979119024,0.940369891,0.958357175,0.958410114
Train_Set,Dev_Set,Undersampling,RUS,Logistic Regression,1,0.835664336,0.811085973,0.824040096,0.823899371
Train_Set,Dev_Set,Undersampling,RUS,Decision Tree,1,0.877224199,0.814427313,0.847387067,0.846587704
Train_Set,Dev_Set,Undersampling,RUS,Naive Bayes,1,0.867629362,0.838372093,0.856400658,0.85656682
Train_Set,Dev_Set,Undersampling,RUS,XGBoost,1,0.874457622,0.842061281,0.859921094,0.859823554
Train_Set,Dev_Set,Undersampling,RUS,Random Forest,1,0.878294202,0.841597796,0.862219562,0.862172112
Train_Set,Dev_Set,Undersampling,RUS,Logistic Regression,2,0.875170932,0.858895706,0.868913559,0.868972746
Train_Set,Dev_Set,Undersampling,RUS,Decision Tree,2,0.885772565,0.85160974,0.870893937,0.870893937
Train_Set,Dev_Set,Undersampling,RUS,Naive Bayes,2,0.886712469,0.84946086,0.869998791,0.869910695
Train_Set,Dev_Set,Undersampling,RUS,XGBoost,2,0.881703675,0.862112748,0.873760776,0.873815241
Train_Set,Dev_Set,Undersampling,RUS,Random Forest,2,0.886310905,0.861330327,0.874811978,0.874737856
Train_Set,Dev_Set,Undersampling,RUS,Logistic Regression,3,0.865088757,0.826923077,0.847565585,0.847341338
Train_Set,Dev_Set,Undersampling,RUS,Decision Tree,3,0.871063577,0.807268722,0.840917598,0.840101523
Train_Set,Dev_Set,Undersampling,RUS,Naive Bayes,3,0.873977087,0.827906977,0.855353793,0.855606759
Train_Set,Dev_Set,Undersampling,RUS,XGBoost,3,0.863783466,0.817827298,0.843720746,0.843579331
Train_Set,Dev_Set,Undersampling,RUS,Random Forest,3,0.851869269,0.831726354,0.843215576,0.843189139
Train_Set,Dev_Set,Undersampling,RUS,Logistic Regression,4,0.857990506,0.831671779,0.847817701,0.847913093
Train_Set,Dev_Set,Undersampling,RUS,Decision Tree,4,0.863043478,0.84343847,0.854796535,0.854796535
Train_Set,Dev_Set,Undersampling,RUS,Naive Bayes,4,0.859406804,0.827755216,0.845586648,0.845510161
Train_Set,Dev_Set,Undersampling,RUS,XGBoost,4,0.858653598,0.845352971,0.853745668,0.853784911
Train_Set,Dev_Set,Undersampling,RUS,Random Forest,4,0.86359447,0.845095829,0.855068147,0.85501332
Train_Set,Dev_Set,Undersampling,RUS,Logistic Regression,5,0.707641196,0.963800905,0.778432244,0.780445969
Train_Set,Dev_Set,Undersampling,RUS,Decision Tree,5,0.726705491,0.962004405,0.79111781,0.795262267
Train_Set,Dev_Set,Undersampling,RUS,Naive Bayes,5,0.614278752,0.977131783,0.687386287,0.684715822
Train_Set,Dev_Set,Undersampling,RUS,XGBoost,5,0.705369807,0.969637883,0.78008788,0.781123092
Train_Set,Dev_Set,Undersampling,RUS,Random Forest,5,0.698439057,0.965564738,0.773372775,0.773815002
Train_Set,Dev_Set,Undersampling,RUS,Logistic Regression,6,0.619438657,0.968941718,0.690325349,0.688679245
Train_Set,Dev_Set,Undersampling,RUS,Decision Tree,6,0.69827178,0.964046413,0.773737539,0.773737539
Train_Set,Dev_Set,Undersampling,RUS,Naive Bayes,6,0.700010155,0.96527097,0.774019666,0.774840025
Train_Set,Dev_Set,Undersampling,RUS,XGBoost,6,0.622851531,0.966226511,0.693301935,0.69202578
Train_Set,Dev_Set,Undersampling,RUS,Random Forest,6,0.698331298,0.967192785,0.772380161,0.773451227
Train_Set,Dev_Set,Undersampling,RUS,Logistic Regression,7,0.830316742,0.874851013,0.855007924,0.854202401
Train_Set,Dev_Set,Undersampling,RUS,Decision Tree,7,0.845814978,0.911032028,0.880247197,0.878736605
Train_Set,Dev_Set,Undersampling,RUS,Naive Bayes,7,0.864341085,0.91543514,0.894586257,0.893241167
Train_Set,Dev_Set,Undersampling,RUS,XGBoost,7,0.874930362,0.918958455,0.899178395,0.898333567
Train_Set,Dev_Set,Undersampling,RUS,Random Forest,7,0.862029385,0.913180934,0.890979113,0.889783709
Train_Set,Dev_Set,Undersampling,RUS,Logistic Regression,8,0.867139571,0.91152761,0.89312823,0.892128836
Train_Set,Dev_Set,Undersampling,RUS,Decision Tree,8,0.857002778,0.916783217,0.891269792,0.889606145
Train_Set,Dev_Set,Undersampling,RUS,Naive Bayes,8,0.852121552,0.913663664,0.886999799,0.885310456
Train_Set,Dev_Set,Undersampling,RUS,XGBoost,8,0.865033012,0.915602742,0.89441437,0.893150512
Train_Set,Dev_Set,Undersampling,RUS,Random Forest,8,0.85535513,0.915530349,0.889199548,0.887604149
Train_Set,Dev_Set,Undersampling,RUS,Logistic Regression,9,0.881221719,0.858875413,0.86662242,0.866781018
Train_Set,Dev_Set,Undersampling,RUS,Decision Tree,9,0.883259912,0.887168142,0.882670418,0.882684715
Train_Set,Dev_Set,Undersampling,RUS,Naive Bayes,9,0.910852713,0.874255952,0.891118898,0.89093702
Train_Set,Dev_Set,Undersampling,RUS,XGBoost,9,0.911699164,0.874899759,0.889952652,0.890071419
Train_Set,Dev_Set,Undersampling,RUS,Random Forest,9,0.905876951,0.870889428,0.885479989,0.885526921
Train_Set,Dev_Set,Undersampling,RUS,Logistic Regression,10,0.911234663,0.870194068,0.888451738,0.888317134
Train_Set,Dev_Set,Undersampling,RUS,Decision Tree,10,0.915835921,0.875898718,0.893038078,0.893038078
Train_Set,Dev_Set,Undersampling,RUS,Naive Bayes,10,0.908276152,0.866880513,0.883799093,0.883904086
Train_Set,Dev_Set,Undersampling,RUS,XGBoost,10,0.915312341,0.872337851,0.891303969,0.89119171
Train_Set,Dev_Set,Undersampling,RUS,Random Forest,10,0.914881623,0.871175523,0.889049156,0.889191181
Train_Set,Test_Set,Imbalanced,Imbalanced,Logistic Regression,1,0.790697674,0.285714286,0.638174521,0.912962963
Train_Set,Test_Set,Imbalanced,Imbalanced,Decision Tree,1,0.706896552,0.25625,0.61888587,0.874074074
Train_Set,Test_Set,Imbalanced,Imbalanced,Naive Bayes,1,0.846666667,0.261316872,0.626482692,0.882098765
Train_Set,Test_Set,Imbalanced,Imbalanced,XGBoost,1,0.863414634,0.266165414,0.629252337,0.880555556
Train_Set,Test_Set,Imbalanced,Imbalanced,Random Forest,1,0.872,0.254672897,0.623815322,0.875925926
Train_Set,Test_Set,Imbalanced,Imbalanced,Logistic Regression,2,0.863945578,0.346049046,0.667446241,0.879611051
Train_Set,Test_Set,Imbalanced,Imbalanced,Decision Tree,2,0.851724138,0.380585516,0.683424846,0.882259558
Train_Set,Test_Set,Imbalanced,Imbalanced,Naive Bayes,2,0.848966614,0.381156317,0.684015572,0.888644519
Train_Set,Test_Set,Imbalanced,Imbalanced,XGBoost,2,0.848958333,0.398533007,0.69209095,0.886819632
Train_Set,Test_Set,Imbalanced,Imbalanced,Random Forest,2,0.84749709,0.401544402,0.693483084,0.887396981
Train_Set,Test_Set,Imbalanced,Imbalanced,Logistic Regression,3,0.517857143,0.487394958,0.715601745,0.893518519
Train_Set,Test_Set,Imbalanced,Imbalanced,Decision Tree,3,0.469767442,0.315625,0.626834239,0.845833333
Train_Set,Test_Set,Imbalanced,Imbalanced,Naive Bayes,3,0.596153846,0.382716049,0.668482208,0.868518519
Train_Set,Test_Set,Imbalanced,Imbalanced,XGBoost,3,0.629139073,0.428571429,0.691303498,0.873148148
Train_Set,Test_Set,Imbalanced,Imbalanced,Random Forest,3,0.635802469,0.481308411,0.714685896,0.874074074
Train_Set,Test_Set,Imbalanced,Imbalanced,Logistic Regression,4,0.712628866,0.502270663,0.730402717,0.881000154
Train_Set,Test_Set,Imbalanced,Imbalanced,Decision Tree,4,0.710831721,0.566255778,0.759249914,0.885963752
Train_Set,Test_Set,Imbalanced,Imbalanced,Naive Bayes,4,0.760784314,0.553890079,0.760089554,0.899409654
Train_Set,Test_Set,Imbalanced,Imbalanced,XGBoost,4,0.750415973,0.551344743,0.757114905,0.893610454
Train_Set,Test_Set,Imbalanced,Imbalanced,Random Forest,4,0.73139881,0.542195256,0.751010827,0.88971201
Train_Set,Test_Set,Imbalanced,Imbalanced,Logistic Regression,5,0.857142857,0.050420168,0.524689793,0.894444444
Train_Set,Test_Set,Imbalanced,Imbalanced,Decision Tree,5,0.913043478,0.065625,0.532269022,0.860648148
Train_Set,Test_Set,Imbalanced,Imbalanced,Naive Bayes,5,1,0.049382716,0.524691358,0.857407407
Train_Set,Test_Set,Imbalanced,Imbalanced,XGBoost,5,1,0.045112782,0.522556391,0.853009259
Train_Set,Test_Set,Imbalanced,Imbalanced,Random Forest,5,1,0.085280374,0.542640187,0.855
Train_Set,Test_Set,Imbalanced,Imbalanced,Logistic Regression,6,0.984375,0.114441417,0.557034766,0.849205124
Train_Set,Test_Set,Imbalanced,Imbalanced,Decision Tree,6,0.962264151,0.157164869,0.577943559,0.85421352
Train_Set,Test_Set,Imbalanced,Imbalanced,Naive Bayes,6,0.950413223,0.164168451,0.581255267,0.863062854
Train_Set,Test_Set,Imbalanced,Imbalanced,XGBoost,6,0.970695971,0.16198044,0.580495354,0.858112975
Train_Set,Test_Set,Imbalanced,Imbalanced,Random Forest,6,0.971181556,0.185879757,0.592383458,0.862394666
Train_Set,Test_Set,Imbalanced,Imbalanced,Logistic Regression,7,0.277310924,0.492537313,0.703820483,0.888888889
Train_Set,Test_Set,Imbalanced,Imbalanced,Decision Tree,7,0.35,0.704402516,0.800227245,0.881944444
Train_Set,Test_Set,Imbalanced,Imbalanced,Naive Bayes,7,0.395061728,0.8,0.851,0.894444444
Train_Set,Test_Set,Imbalanced,Imbalanced,XGBoost,7,0.384962406,0.782874618,0.840222683,0.888888889
Train_Set,Test_Set,Imbalanced,Imbalanced,Random Forest,7,0.435747664,0.83632287,0.869412949,0.897037037
Train_Set,Test_Set,Imbalanced,Imbalanced,Logistic Regression,8,0.482288828,0.871921182,0.887408632,0.899984566
Train_Set,Test_Set,Imbalanced,Imbalanced,Decision Tree,8,0.517719569,0.906882591,0.907533405,0.908056621
Train_Set,Test_Set,Imbalanced,Imbalanced,Naive Bayes,8,0.53461813,0.911192214,0.913892129,0.91607825
Train_Set,Test_Set,Imbalanced,Imbalanced,XGBoost,8,0.548899756,0.916326531,0.915938754,0.91562918
Train_Set,Test_Set,Imbalanced,Imbalanced,Random Forest,8,0.548262548,0.919518964,0.917621182,0.916103343
Train_Set,Test_Set,Imbalanced,Imbalanced,Logistic Regression,9,0.277310924,0.846153846,0.635533714,0.914814815
Train_Set,Test_Set,Imbalanced,Imbalanced,Decision Tree,9,0.25,0.85106383,0.621195652,0.882407407
Train_Set,Test_Set,Imbalanced,Imbalanced,Naive Bayes,9,0.318930041,0.865921788,0.655107722,0.890432099
Train_Set,Test_Set,Imbalanced,Imbalanced,XGBoost,9,0.306766917,0.879310345,0.649553089,0.886805556
Train_Set,Test_Set,Imbalanced,Imbalanced,Random Forest,9,0.321261682,0.919732441,0.657989996,0.887962963
Train_Set,Test_Set,Imbalanced,Imbalanced,Logistic Regression,10,0.378746594,0.906521739,0.685375528,0.887791326
Train_Set,Test_Set,Imbalanced,Imbalanced,Decision Tree,10,0.436825886,0.892913386,0.712982501,0.894298188
Train_Set,Test_Set,Imbalanced,Imbalanced,Naive Bayes,10,0.434689507,0.898230088,0.712578244,0.900335687
Train_Set,Test_Set,Imbalanced,Imbalanced,XGBoost,10,0.439486553,0.896508728,0.714609044,0.897108756
Train_Set,Test_Set,Imbalanced,Imbalanced,Random Forest,10,0.445118588,0.890728477,0.717050725,0.897675711
Train_Set,Test_Set,Undersampling,TomekLinks,Logistic Regression,1,0.8425,0.496318115,0.739743348,0.908412483
Train_Set,Test_Set,Undersampling,TomekLinks,Decision Tree,1,0.889308176,0.482264666,0.735154072,0.904033537
Train_Set,Test_Set,Undersampling,TomekLinks,Naive Bayes,1,0.826373626,0.532577904,0.75563056,0.907298277
Train_Set,Test_Set,Undersampling,TomekLinks,XGBoost,1,0.865945946,0.555863983,0.769530338,0.913383595
Train_Set,Test_Set,Undersampling,TomekLinks,Random Forest,1,0.857764245,0.553621561,0.767967685,0.913065167
Train_Set,Test_Set,Undersampling,TomekLinks,Logistic Regression,2,0.844491676,0.571291637,0.77580321,0.915841958
Train_Set,Test_Set,Undersampling,TomekLinks,Decision Tree,2,0.860109957,0.580618557,0.781516466,0.919337088
Train_Set,Test_Set,Undersampling,TomekLinks,Naive Bayes,2,0.859892225,0.604655359,0.79315645,0.922484352
Train_Set,Test_Set,Undersampling,TomekLinks,XGBoost,2,0.870337079,0.617211155,0.799985146,0.925041518
Train_Set,Test_Set,Undersampling,TomekLinks,Random Forest,2,0.877072382,0.607222844,0.795398092,0.922684965
Train_Set,Test_Set,Undersampling,TomekLinks,Logistic Regression,3,0.720064725,0.655375552,0.804577971,0.907960199
Train_Set,Test_Set,Undersampling,TomekLinks,Decision Tree,3,0.773705179,0.662346521,0.811879782,0.911738047
Train_Set,Test_Set,Undersampling,TomekLinks,Naive Bayes,3,0.822597137,0.759678942,0.864234147,0.935327894
Train_Set,Test_Set,Undersampling,TomekLinks,XGBoost,3,0.827495292,0.762317835,0.865642961,0.935207755
Train_Set,Test_Set,Undersampling,TomekLinks,Random Forest,3,0.797655768,0.725996631,0.845258038,0.925989751
Train_Set,Test_Set,Undersampling,TomekLinks,Logistic Regression,4,0.801518722,0.733525042,0.849767767,0.92936466
Train_Set,Test_Set,Undersampling,TomekLinks,Decision Tree,4,0.796466115,0.734226804,0.849642967,0.92882113
Train_Set,Test_Set,Undersampling,TomekLinks,Naive Bayes,4,0.816043193,0.763623241,0.865787164,0.93588037
Train_Set,Test_Set,Undersampling,TomekLinks,XGBoost,4,0.838834624,0.793784861,0.882594764,0.94335967
Train_Set,Test_Set,Undersampling,TomekLinks,Random Forest,4,0.817606271,0.759238522,0.863273653,0.933645855
Train_Set,Test_Set,Undersampling,TomekLinks,Logistic Regression,5,0.992125984,0.18556701,0.592649922,0.874717322
Train_Set,Test_Set,Undersampling,TomekLinks,Decision Tree,5,0.979020979,0.190995907,0.595090345,0.864944482
Train_Set,Test_Set,Undersampling,TomekLinks,Naive Bayes,5,0.969162996,0.207743154,0.603241967,0.872166818
Train_Set,Test_Set,Undersampling,TomekLinks,XGBoost,5,0.988429752,0.207494795,0.603510254,0.870132079
Train_Set,Test_Set,Undersampling,TomekLinks,Random Forest,5,0.978034682,0.237507019,0.61823969,0.875969344
Train_Set,Test_Set,Undersampling,TomekLinks,Logistic Regression,6,0.970448046,0.243949197,0.621279563,0.879655511
Train_Set,Test_Set,Undersampling,TomekLinks,Decision Tree,6,0.969745223,0.251134021,0.624837476,0.881206707
Train_Set,Test_Set,Undersampling,TomekLinks,Naive Bayes,6,0.96814864,0.26326236,0.630824918,0.883004333
Train_Set,Test_Set,Undersampling,TomekLinks,XGBoost,6,0.965439093,0.271553785,0.634865547,0.883448241
Train_Set,Test_Set,Undersampling,TomekLinks,Random Forest,6,0.969820972,0.265397536,0.631901751,0.879815205
Train_Set,Test_Set,Undersampling,TomekLinks,Logistic Regression,7,0.683357879,0.84057971,0.892512077,0.931478969
Train_Set,Test_Set,Undersampling,TomekLinks,Decision Tree,7,0.69372442,0.9,0.920829002,0.936324496
Train_Set,Test_Set,Undersampling,TomekLinks,Naive Bayes,7,0.716241737,0.916616314,0.932360484,0.944167422
Train_Set,Test_Set,Undersampling,TomekLinks,XGBoost,7,0.734212353,0.950584007,0.950446074,0.950342951
Train_Set,Test_Set,Undersampling,TomekLinks,Random Forest,7,0.730769231,0.94861516,0.949472028,0.950115641
Train_Set,Test_Set,Undersampling,TomekLinks,Logistic Regression,8,0.735681764,0.948995363,0.950766024,0.952103951
Train_Set,Test_Set,Undersampling,TomekLinks,Decision Tree,8,0.742061856,0.955402177,0.954642881,0.954068751
Train_Set,Test_Set,Undersampling,TomekLinks,Naive Bayes,8,0.750992422,0.960313798,0.95788087,0.956045201
Train_Set,Test_Set,Undersampling,TomekLinks,XGBoost,8,0.740876494,0.959942185,0.956675296,0.95420462
Train_Set,Test_Set,Undersampling,TomekLinks,Random Forest,8,0.726903695,0.963450835,0.956562263,0.951355391
Train_Set,Test_Set,Undersampling,TomekLinks,Logistic Regression,9,0.58173785,0.887640449,0.784189791,0.924468566
Train_Set,Test_Set,Undersampling,TomekLinks,Decision Tree,9,0.567530696,0.912280702,0.778330565,0.919102651
Train_Set,Test_Set,Undersampling,TomekLinks,Naive Bayes,9,0.615203022,0.860634082,0.798112394,0.922484134
Train_Set,Test_Set,Undersampling,TomekLinks,XGBoost,9,0.578417765,0.904994571,0.783280297,0.921206281
Train_Set,Test_Set,Undersampling,TomekLinks,Random Forest,9,0.597417181,0.884823285,0.79121765,0.922407147
Train_Set,Test_Set,Undersampling,TomekLinks,Logistic Regression,10,0.600047927,0.878596491,0.792266464,0.923887588
Train_Set,Test_Set,Undersampling,TomekLinks,Decision Tree,10,0.611958763,0.868344061,0.797340156,0.924516087
Train_Set,Test_Set,Undersampling,TomekLinks,Naive Bayes,10,0.640202093,0.877349159,0.811769673,0.929479736
Train_Set,Test_Set,Undersampling,TomekLinks,XGBoost,10,0.630278884,0.881828317,0.807221194,0.928287454
Train_Set,Test_Set,Undersampling,TomekLinks,Random Forest,10,0.619960806,0.888821995,0.802496546,0.925968703
Train_Set,Test_Set,Undersampling,NearMiss,Logistic Regression,1,0.947535771,0.858789625,0.905377345,0.905141202
Train_Set,Test_Set,Undersampling,NearMiss,Decision Tree,1,0.941041348,0.849930844,0.897890879,0.89748954
Train_Set,Test_Set,Undersampling,NearMiss,Naive Bayes,1,0.92628866,0.858576206,0.896384284,0.897093296
Train_Set,Test_Set,Undersampling,NearMiss,XGBoost,1,0.924174174,0.855158041,0.892325966,0.892235376
Train_Set,Test_Set,Undersampling,NearMiss,Random Forest,1,0.917969903,0.87191704,0.897185856,0.897245911
Train_Set,Test_Set,Undersampling,NearMiss,Logistic Regression,2,0.927784891,0.866539105,0.900069647,0.900332226
Train_Set,Test_Set,Undersampling,NearMiss,Decision Tree,2,0.928587028,0.869351871,0.901464479,0.901569187
Train_Set,Test_Set,Undersampling,NearMiss,Naive Bayes,2,0.929045722,0.870423036,0.90138985,0.901120574
Train_Set,Test_Set,Undersampling,NearMiss,XGBoost,2,0.925666667,0.880050705,0.90448184,0.904410012
Train_Set,Test_Set,Undersampling,NearMiss,Random Forest,2,0.926468412,0.887345898,0.908474649,0.908479139
Train_Set,Test_Set,Undersampling,NearMiss,Logistic Regression,3,0.946026987,0.909221902,0.928410078,0.928312817
Train_Set,Test_Set,Undersampling,NearMiss,Decision Tree,3,0.95377843,0.899031812,0.927364007,0.927126918
Train_Set,Test_Set,Undersampling,NearMiss,Naive Bayes,3,0.927007299,0.91017678,0.920573894,0.92076887
Train_Set,Test_Set,Undersampling,NearMiss,XGBoost,3,0.930824373,0.902049323,0.917342288,0.917305014
Train_Set,Test_Set,Undersampling,NearMiss,Random Forest,3,0.923913043,0.905269058,0.915535505,0.915559905
Train_Set,Test_Set,Undersampling,NearMiss,Logistic Regression,4,0.927921279,0.902176513,0.916593319,0.916706217
Train_Set,Test_Set,Undersampling,NearMiss,Decision Tree,4,0.92607165,0.914332447,0.920907845,0.920929285
Train_Set,Test_Set,Undersampling,NearMiss,Naive Bayes,4,0.931406622,0.905083541,0.918629671,0.918511878
Train_Set,Test_Set,Undersampling,NearMiss,XGBoost,4,0.925456877,0.91475202,0.920318312,0.920301947
Train_Set,Test_Set,Undersampling,NearMiss,Random Forest,4,0.929204805,0.920646167,0.925266426,0.925267408
Train_Set,Test_Set,Undersampling,NearMiss,Logistic Regression,5,0.890789474,0.975504323,0.927344592,0.927588704
Train_Set,Test_Set,Undersampling,NearMiss,Decision Tree,5,0.877833753,0.964038728,0.91380558,0.914225941
Train_Set,Test_Set,Undersampling,NearMiss,Naive Bayes,5,0.534963197,0.972288581,0.579103333,0.571729958
Train_Set,Test_Set,Undersampling,NearMiss,XGBoost,5,0.829698237,0.964571032,0.882809076,0.883008357
Train_Set,Test_Set,Undersampling,NearMiss,Random Forest,5,0.570722057,0.97029148,0.621965824,0.621137984
Train_Set,Test_Set,Undersampling,NearMiss,Logistic Regression,6,0.575857614,0.959579048,0.631896894,0.629330802
Train_Set,Test_Set,Undersampling,NearMiss,Decision Tree,6,0.588632105,0.963402167,0.647250545,0.646219686
Train_Set,Test_Set,Undersampling,NearMiss,Naive Bayes,6,0.822721026,0.95769641,0.873856344,0.874585388
Train_Set,Test_Set,Undersampling,NearMiss,XGBoost,6,0.807974397,0.96006972,0.865275536,0.865554231
Train_Set,Test_Set,Undersampling,NearMiss,Random Forest,6,0.632144191,0.959189457,0.700628723,0.700573776
Train_Set,Test_Set,Undersampling,NearMiss,Logistic Regression,7,0.912103746,0.941964286,0.927963807,0.927588704
Train_Set,Test_Set,Undersampling,NearMiss,Decision Tree,7,0.900414938,0.94828842,0.925983675,0.925034868
Train_Set,Test_Set,Undersampling,NearMiss,Naive Bayes,7,0.91638796,0.928363988,0.924409267,0.924285045
Train_Set,Test_Set,Undersampling,NearMiss,XGBoost,7,0.909343522,0.93067899,0.920815442,0.920612813
Train_Set,Test_Set,Undersampling,NearMiss,Random Forest,7,0.906950673,0.928018354,0.918728217,0.918495736
Train_Set,Test_Set,Undersampling,NearMiss,Logistic Regression,8,0.917483856,0.931067961,0.925492198,0.925367822
Train_Set,Test_Set,Undersampling,NearMiss,Decision Tree,8,0.911470047,0.928556551,0.921090563,0.920929285
Train_Set,Test_Set,Undersampling,NearMiss,Naive Bayes,8,0.907394241,0.932590427,0.920440611,0.92021515
Train_Set,Test_Set,Undersampling,NearMiss,XGBoost,8,0.913801299,0.928513927,0.921583603,0.921493842
Train_Set,Test_Set,Undersampling,NearMiss,Random Forest,8,0.912710784,0.927429806,0.920770118,0.92066303
Train_Set,Test_Set,Undersampling,NearMiss,Logistic Regression,9,0.936599424,0.937950938,0.937004224,0.937002172
Train_Set,Test_Set,Undersampling,NearMiss,Decision Tree,9,0.933609959,0.944055944,0.938675584,0.938633194
Train_Set,Test_Set,Undersampling,NearMiss,Naive Bayes,9,0.941710463,0.922752809,0.932889286,0.932723863
Train_Set,Test_Set,Undersampling,NearMiss,XGBoost,9,0.945119833,0.924881033,0.933990981,0.934018106
Train_Set,Test_Set,Undersampling,NearMiss,Random Forest,9,0.953475336,0.917970858,0.934338784,0.934293304
Train_Set,Test_Set,Undersampling,NearMiss,Logistic Regression,10,0.947620187,0.921395349,0.934017298,0.933910774
Train_Set,Test_Set,Undersampling,NearMiss,Decision Tree,10,0.950725823,0.923535253,0.936260738,0.936213572
Train_Set,Test_Set,Undersampling,NearMiss,Naive Bayes,10,0.94792037,0.926511466,0.935707336,0.935813537
Train_Set,Test_Set,Undersampling,NearMiss,XGBoost,10,0.953414673,0.925265262,0.937976064,0.938021454
Train_Set,Test_Set,Undersampling,NearMiss,Random Forest,10,0.951395777,0.9244114,0.936816869,0.936813771
Train_Set,Test_Set,Undersampling,SMOTE,Logistic Regression,1,0.922699069,0.948697501,0.934619811,0.93461794
Train_Set,Test_Set,Undersampling,SMOTE,Decision Tree,1,0.920454545,0.948835331,0.933914872,0.933824021
Train_Set,Test_Set,Undersampling,SMOTE,Naive Bayes,1,0.922300531,0.947867299,0.934315193,0.934262682
Train_Set,Test_Set,Undersampling,SMOTE,XGBoost,1,0.922180771,0.944180125,0.932348101,0.932333846
Train_Set,Test_Set,Undersampling,SMOTE,Random Forest,1,0.929713958,0.946832219,0.93702157,0.937103721
Train_Set,Test_Set,Undersampling,SMOTE,Logistic Regression,2,0.928652223,0.948795448,0.937972706,0.93796934
Train_Set,Test_Set,Undersampling,SMOTE,Decision Tree,2,0.926236192,0.951343943,0.937788857,0.937789115
Train_Set,Test_Set,Undersampling,SMOTE,Naive Bayes,2,0.928634189,0.95403029,0.940689155,0.940628328
Train_Set,Test_Set,Undersampling,SMOTE,XGBoost,2,0.932416787,0.955651142,0.943348413,0.943320557
Train_Set,Test_Set,Undersampling,SMOTE,Random Forest,2,0.935257064,0.953652621,0.943734342,0.943746914
Train_Set,Test_Set,Undersampling,SMOTE,Logistic Regression,3,0.944209413,0.949229133,0.946578425,0.946578073
Train_Set,Test_Set,Undersampling,SMOTE,Decision Tree,3,0.929106474,0.9352363,0.932369414,0.932351957
Train_Set,Test_Set,Undersampling,SMOTE,Naive Bayes,3,0.923450468,0.935258875,0.929164486,0.929140872
Train_Set,Test_Set,Undersampling,SMOTE,XGBoost,3,0.934146504,0.939154326,0.936553565,0.936550432
Train_Set,Test_Set,Undersampling,SMOTE,Random Forest,3,0.933770284,0.937387244,0.934889057,0.934909976
Train_Set,Test_Set,Undersampling,SMOTE,Logistic Regression,4,0.935993644,0.942483776,0.939036842,0.93903577
Train_Set,Test_Set,Undersampling,SMOTE,Decision Tree,4,0.937278782,0.937599939,0.937427421,0.937427424
Train_Set,Test_Set,Undersampling,SMOTE,Naive Bayes,4,0.933200927,0.942529504,0.937837553,0.937816161
Train_Set,Test_Set,Undersampling,SMOTE,XGBoost,4,0.935119346,0.940195788,0.937628827,0.937623015
Train_Set,Test_Set,Undersampling,SMOTE,Random Forest,4,0.935073185,0.94155273,0.93800503,0.938009527
Train_Set,Test_Set,Undersampling,SMOTE,Logistic Regression,5,0.642619506,0.975544923,0.716579265,0.71654485
Train_Set,Test_Set,Undersampling,SMOTE,Decision Tree,5,0.649259061,0.979264844,0.728326224,0.72679826
Train_Set,Test_Set,Undersampling,SMOTE,Naive Bayes,5,0.658599723,0.978270589,0.737538134,0.736605353
Train_Set,Test_Set,Undersampling,SMOTE,XGBoost,5,0.657449031,0.970247269,0.732967742,0.732681882
Train_Set,Test_Set,Undersampling,SMOTE,Random Forest,5,0.761101391,0.969489547,0.830020768,0.831188635
Train_Set,Test_Set,Undersampling,SMOTE,Logistic Regression,6,0.6661061,0.968308294,0.741616834,0.741546323
Train_Set,Test_Set,Undersampling,SMOTE,Decision Tree,6,0.758920853,0.969237798,0.830668775,0.830671413
Train_Set,Test_Set,Undersampling,SMOTE,Naive Bayes,6,0.668404059,0.968941192,0.746305945,0.745290868
Train_Set,Test_Set,Undersampling,SMOTE,XGBoost,6,0.669142167,0.970246218,0.746337414,0.745830435
Train_Set,Test_Set,Undersampling,SMOTE,Random Forest,6,0.763104352,0.969617014,0.833924095,0.834096095
Train_Set,Test_Set,Undersampling,SMOTE,Logistic Regression,7,0.960127592,0.971490048,0.966044473,0.965980066
Train_Set,Test_Set,Undersampling,SMOTE,Decision Tree,7,0.951528208,0.970741758,0.961887513,0.961659418
Train_Set,Test_Set,Undersampling,SMOTE,Naive Bayes,7,0.944201019,0.971567906,0.958852576,0.958446533
Train_Set,Test_Set,Undersampling,SMOTE,XGBoost,7,0.936272867,0.969604441,0.954069284,0.953517168
Train_Set,Test_Set,Undersampling,SMOTE,Random Forest,7,0.935848456,0.971360908,0.954232113,0.953744081
Train_Set,Test_Set,Undersampling,SMOTE,Logistic Regression,8,0.935016446,0.972628075,0.955050672,0.954365697
Train_Set,Test_Set,Undersampling,SMOTE,Decision Tree,8,0.935848626,0.972426616,0.95529928,0.954655346
Train_Set,Test_Set,Undersampling,SMOTE,Naive Bayes,8,0.930025743,0.97126497,0.952362734,0.951477636
Train_Set,Test_Set,Undersampling,SMOTE,XGBoost,8,0.928715515,0.970308384,0.951125077,0.950261199
Train_Set,Test_Set,Undersampling,SMOTE,Random Forest,8,0.924895392,0.97103923,0.949583988,0.948590337
Train_Set,Test_Set,Undersampling,SMOTE,Logistic Regression,9,0.974481659,0.946308725,0.959603306,0.959601329
Train_Set,Test_Set,Undersampling,SMOTE,Decision Tree,9,0.975360172,0.936643393,0.955091632,0.954968217
Train_Set,Test_Set,Undersampling,SMOTE,Naive Bayes,9,0.978270589,0.932651321,0.954086493,0.953992785
Train_Set,Test_Set,Undersampling,SMOTE,XGBoost,9,0.97540709,0.934694664,0.953710631,0.953684492
Train_Set,Test_Set,Undersampling,SMOTE,Random Forest,9,0.975432453,0.938818242,0.955395501,0.955563284
Train_Set,Test_Set,Undersampling,SMOTE,Logistic Regression,10,0.976397902,0.938399761,0.956171588,0.956165297
Train_Set,Test_Set,Undersampling,SMOTE,Decision Tree,10,0.97620498,0.936076227,0.954769157,0.954769565
Train_Set,Test_Set,Undersampling,SMOTE,Naive Bayes,10,0.97967303,0.935630129,0.956442445,0.956336528
Train_Set,Test_Set,Undersampling,SMOTE,XGBoost,10,0.979293978,0.93536962,0.955967161,0.955914344
Train_Set,Test_Set,Undersampling,SMOTE,Random Forest,10,0.978198875,0.938335677,0.95687585,0.956902878
Train_Set,Test_Set,Oversampling,ROS,Logistic Regression,1,0.915892673,0.936181435,0.924426104,0.924518272
Train_Set,Test_Set,Oversampling,ROS,Decision Tree,1,0.91862899,0.940026774,0.928408036,0.928404149
Train_Set,Test_Set,Oversampling,ROS,Naive Bayes,1,0.920920574,0.943533375,0.930860851,0.930922371
Train_Set,Test_Set,Oversampling,ROS,XGBoost,1,0.9184178,0.940631663,0.928161737,0.928217656
Train_Set,Test_Set,Oversampling,ROS,Random Forest,1,0.917980091,0.94872207,0.932097731,0.932074159
Train_Set,Test_Set,Oversampling,ROS,Logistic Regression,2,0.920889505,0.943884125,0.931391914,0.931393024
Train_Set,Test_Set,Oversampling,ROS,Decision Tree,2,0.920653225,0.946171197,0.932648046,0.932592184
Train_Set,Test_Set,Oversampling,ROS,Naive Bayes,2,0.923978131,0.945674983,0.933998666,0.933988951
Train_Set,Test_Set,Oversampling,ROS,XGBoost,2,0.929702856,0.947923728,0.937816569,0.937859796
Train_Set,Test_Set,Oversampling,ROS,Random Forest,2,0.929100946,0.944293043,0.936204732,0.936194911
Train_Set,Test_Set,Oversampling,ROS,Logistic Regression,3,0.909246158,0.98285865,0.941603448,0.94192691
Train_Set,Test_Set,Oversampling,ROS,Decision Tree,3,0.917156066,0.982597055,0.946950701,0.946938776
Train_Set,Test_Set,Oversampling,ROS,Naive Bayes,3,0.915387155,0.982980232,0.945616504,0.945797889
Train_Set,Test_Set,Oversampling,ROS,XGBoost,3,0.910142954,0.97994403,0.941162011,0.941335921
Train_Set,Test_Set,Oversampling,ROS,Random Forest,3,0.914749189,0.981996464,0.945368824,0.945316889
Train_Set,Test_Set,Oversampling,ROS,Logistic Regression,4,0.920184286,0.985026881,0.949785804,0.949788936
Train_Set,Test_Set,Oversampling,ROS,Decision Tree,4,0.916319333,0.983369652,0.947152332,0.947002722
Train_Set,Test_Set,Oversampling,ROS,Naive Bayes,4,0.920549396,0.984478566,0.949825823,0.949796991
Train_Set,Test_Set,Oversampling,ROS,XGBoost,4,0.922102945,0.987297751,0.951588356,0.95174108
Train_Set,Test_Set,Oversampling,ROS,Random Forest,4,0.923150167,0.984343272,0.951299012,0.95125889
Train_Set,Test_Set,Oversampling,ROS,Logistic Regression,5,0.776633747,0.974683544,0.844962988,0.845980066
Train_Set,Test_Set,Oversampling,ROS,Decision Tree,5,0.649686099,0.969745649,0.723601922,0.723519572
Train_Set,Test_Set,Oversampling,ROS,Naive Bayes,5,0.763956564,0.972874745,0.834674036,0.835344943
Train_Set,Test_Set,Oversampling,ROS,XGBoost,5,0.759553389,0.965485075,0.828547297,0.829161368
Train_Set,Test_Set,Oversampling,ROS,Random Forest,5,0.66260716,0.964957402,0.737501142,0.73717863
Train_Set,Test_Set,Oversampling,ROS,Logistic Regression,6,0.755853077,0.958190785,0.82431603,0.824327927
Train_Set,Test_Set,Oversampling,ROS,Decision Tree,6,0.663321336,0.965248308,0.739676554,0.738744741
Train_Set,Test_Set,Oversampling,ROS,Naive Bayes,6,0.667744842,0.962661959,0.74222946,0.74204606
Train_Set,Test_Set,Oversampling,ROS,XGBoost,6,0.76167995,0.960478618,0.828687677,0.829251328
Train_Set,Test_Set,Oversampling,ROS,Random Forest,6,0.669425475,0.963823875,0.74451222,0.744245934
Train_Set,Test_Set,Oversampling,ROS,Logistic Regression,7,0.947257384,0.947007646,0.946708539,0.946710963
Train_Set,Test_Set,Oversampling,ROS,Decision Tree,7,0.923427041,0.938375731,0.931526554,0.931415189
Train_Set,Test_Set,Oversampling,ROS,Naive Bayes,7,0.917294566,0.936131717,0.927141216,0.927003073
Train_Set,Test_Set,Oversampling,ROS,XGBoost,7,0.91391258,0.931603613,0.923186858,0.923064052
Train_Set,Test_Set,Oversampling,ROS,Random Forest,7,0.912554252,0.922889346,0.918327104,0.918269617
Train_Set,Test_Set,Oversampling,ROS,Logistic Regression,8,0.906784556,0.931067518,0.920102837,0.919817818
Train_Set,Test_Set,Oversampling,ROS,Decision Tree,8,0.905608441,0.922681416,0.91537675,0.91521197
Train_Set,Test_Set,Oversampling,ROS,Naive Bayes,8,0.903107617,0.922966947,0.914134927,0.9139377
Train_Set,Test_Set,Oversampling,ROS,XGBoost,8,0.896201114,0.925748904,0.912161709,0.911784293
Train_Set,Test_Set,Oversampling,ROS,Random Forest,8,0.893662499,0.925614346,0.91153305,0.911030462
Train_Set,Test_Set,Oversampling,ROS,Logistic Regression,9,0.991561181,0.926108374,0.955598432,0.955880399
Train_Set,Test_Set,Oversampling,ROS,Decision Tree,9,0.990896921,0.927685174,0.956853143,0.956841753
Train_Set,Test_Set,Oversampling,ROS,Naive Bayes,9,0.989983158,0.926266899,0.955204611,0.955373447
Train_Set,Test_Set,Oversampling,ROS,XGBoost,9,0.987873134,0.921499161,0.951479931,0.95164313
Train_Set,Test_Set,Oversampling,ROS,Random Forest,9,0.990462412,0.921899157,0.953395344,0.953342786
Train_Set,Test_Set,Oversampling,ROS,Logistic Regression,10,0.990225263,0.925309308,0.955140184,0.955143301
Train_Set,Test_Set,Oversampling,ROS,Decision Tree,10,0.989983561,0.921825496,0.95335987,0.953208582
Train_Set,Test_Set,Oversampling,ROS,Naive Bayes,10,0.989907737,0.924071886,0.954352665,0.954323083
Train_Set,Test_Set,Oversampling,ROS,XGBoost,10,0.991600601,0.927576986,0.956756843,0.956905865
Train_Set,Test_Set,Oversampling,ROS,Random Forest,10,0.99094261,0.928315771,0.957303976,0.957263133
Train_Set,Test_Set,Undersampling,RUS,Logistic Regression,1,0.844544096,0.820029028,0.834870005,0.834902245
Train_Set,Test_Set,Undersampling,RUS,Decision Tree,1,0.838340486,0.830028329,0.837404274,0.837517434
Train_Set,Test_Set,Undersampling,RUS,Naive Bayes,1,0.846851145,0.832551595,0.841064926,0.841068917
Train_Set,Test_Set,Undersampling,RUS,XGBoost,1,0.855807264,0.837733193,0.849800113,0.849930362
Train_Set,Test_Set,Undersampling,RUS,Random Forest,1,0.869390104,0.848161662,0.860849633,0.860897526
Train_Set,Test_Set,Undersampling,RUS,Logistic Regression,2,0.870177141,0.854623451,0.864102841,0.864143332
Train_Set,Test_Set,Undersampling,RUS,Decision Tree,2,0.875572201,0.857026477,0.867542602,0.867536173
Train_Set,Test_Set,Undersampling,RUS,Naive Bayes,2,0.879746835,0.844984802,0.864419765,0.864365755
Train_Set,Test_Set,Undersampling,RUS,XGBoost,2,0.888613452,0.84411303,0.867832862,0.867540723
Train_Set,Test_Set,Undersampling,RUS,Random Forest,2,0.877857039,0.858485194,0.87009978,0.870156549
Train_Set,Test_Set,Undersampling,RUS,Logistic Regression,3,0.879518072,0.847605225,0.865999144,0.866039102
Train_Set,Test_Set,Undersampling,RUS,Decision Tree,3,0.822269807,0.815864023,0.82242377,0.822524407
Train_Set,Test_Set,Undersampling,RUS,Naive Bayes,3,0.847222222,0.829737336,0.8401264,0.840131271
Train_Set,Test_Set,Undersampling,RUS,XGBoost,3,0.85974026,0.815557902,0.842673887,0.842966574
Train_Set,Test_Set,Undersampling,RUS,Random Forest,3,0.855530474,0.850968285,0.85417495,0.854187054
Train_Set,Test_Set,Undersampling,RUS,Logistic Regression,4,0.860996355,0.844375596,0.854607458,0.854651163
Train_Set,Test_Set,Undersampling,RUS,Decision Tree,4,0.853617733,0.831364562,0.844311971,0.844304055
Train_Set,Test_Set,Undersampling,RUS,Naive Bayes,4,0.861386139,0.839978545,0.852028107,0.851994621
Train_Set,Test_Set,Undersampling,RUS,XGBoost,4,0.858064516,0.835164835,0.846785957,0.846642829
Train_Set,Test_Set,Undersampling,RUS,Random Forest,4,0.859329446,0.839265376,0.851607875,0.851668201
Train_Set,Test_Set,Undersampling,RUS,Logistic Regression,5,0.590788308,0.968069666,0.650219804,0.649529327
Train_Set,Test_Set,Undersampling,RUS,Decision Tree,5,0.598850066,0.958923513,0.667991976,0.663528591
Train_Set,Test_Set,Undersampling,RUS,Naive Bayes,5,0.616869617,0.974202627,0.684852016,0.684716362
Train_Set,Test_Set,Undersampling,RUS,XGBoost,5,0.610042026,0.970784935,0.681741072,0.67862117
Train_Set,Test_Set,Undersampling,RUS,Random Forest,5,0.618126455,0.968565815,0.687346975,0.686285475
Train_Set,Test_Set,Undersampling,RUS,Logistic Regression,6,0.617121212,0.970686368,0.686784583,0.685571903
Train_Set,Test_Set,Undersampling,RUS,Decision Tree,6,0.700382803,0.968839104,0.776935865,0.777053189
Train_Set,Test_Set,Undersampling,RUS,Naive Bayes,6,0.701813472,0.968710889,0.777415495,0.777947109
Train_Set,Test_Set,Undersampling,RUS,XGBoost,6,0.710887888,0.966562009,0.781832895,0.784108065
Train_Set,Test_Set,Undersampling,RUS,Random Forest,6,0.616669693,0.966970387,0.685867824,0.684493873
Train_Set,Test_Set,Undersampling,RUS,Logistic Regression,7,0.833091437,0.86969697,0.855098138,0.854453295
Train_Set,Test_Set,Undersampling,RUS,Decision Tree,7,0.859773371,0.862828714,0.86365255,0.863668061
Train_Set,Test_Set,Undersampling,RUS,Naive Bayes,7,0.866791745,0.897087379,0.884173789,0.883731833
Train_Set,Test_Set,Undersampling,RUS,XGBoost,7,0.86906019,0.899126001,0.88752164,0.887012535
Train_Set,Test_Set,Undersampling,RUS,Random Forest,7,0.878192534,0.907482599,0.895171799,0.894729484
Train_Set,Test_Set,Undersampling,RUS,Logistic Regression,8,0.869876072,0.909317389,0.892810031,0.892026578
Train_Set,Test_Set,Undersampling,RUS,Decision Tree,8,0.875560081,0.907728041,0.893702539,0.893213776
Train_Set,Test_Set,Undersampling,RUS,Naive Bayes,8,0.865725013,0.914620325,0.893242597,0.892155984
Train_Set,Test_Set,Undersampling,RUS,XGBoost,8,0.863265306,0.916194602,0.891942053,0.890822408
Train_Set,Test_Set,Undersampling,RUS,Random Forest,8,0.86190205,0.906287425,0.887929244,0.886944818
Train_Set,Test_Set,Undersampling,RUS,Logistic Regression,9,0.892597968,0.8674189,0.878379909,0.878349022
Train_Set,Test_Set,Undersampling,RUS,Decision Tree,9,0.890934844,0.841471572,0.864080059,0.863668061
Train_Set,Test_Set,Undersampling,RUS,Naive Bayes,9,0.913227017,0.857709251,0.880934033,0.880918894
Train_Set,Test_Set,Undersampling,RUS,XGBoost,9,0.898979233,0.864590386,0.880595369,0.880396936
Train_Set,Test_Set,Undersampling,RUS,Random Forest,9,0.91327533,0.872386059,0.8903424,0.890255837
Train_Set,Test_Set,Undersampling,RUS,Logistic Regression,10,0.914442326,0.87164925,0.890467855,0.890365449
Train_Set,Test_Set,Undersampling,RUS,Decision Tree,10,0.923014257,0.870032636,0.892481843,0.892500509
Train_Set,Test_Set,Undersampling,RUS,Naive Bayes,10,0.908278205,0.869863014,0.885818355,0.885880771
Train_Set,Test_Set,Undersampling,RUS,XGBoost,10,0.910361068,0.879969651,0.89154417,0.891775924
Train_Set,Test_Set,Undersampling,RUS,Random Forest,10,0.919703872,0.863290124,0.887738585,0.887582348
